{"_runtime":1275,"train_acc":0.9949856784691319,"val_acc":0.9982,"val_loss":0.005562333868583664,"_timestamp":1.778311590409914e+09,"_step":50,"train_loss":0.013641709703051579,"test_acc":0.9983750406239844,"_wandb":{"runtime":1275},"epoch":50}